timestamp,location,measurement_type,value,unit
2026-05-21,"ÉNYGÖ, BMW körút (47.577175, 21.502204)",LAEQ nappali,58.9,dB
2026-05-21,"ÉNYGÖ, BMW körút (47.577175, 21.502204)",LAEQ éjszakai,50.3,dB
2026-05-22,"ÉNYGÖ, BMW körút (47.577175, 21.502204)",LAEQ nappali,63.4,dB
2026-05-22,"ÉNYGÖ, BMW körút (47.577175, 21.502204)",LAEQ éjszakai,50.9,dB
2026-05-23,"ÉNYGÖ, BMW körút (47.577175, 21.502204)",LAEQ nappali,58.7,dB
2026-05-23,"ÉNYGÖ, BMW körút (47.577175, 21.502204)",LAEQ éjszakai,51.9,dB
2026-05-24,"ÉNYGÖ, BMW körút (47.577175, 21.502204)",LAEQ nappali,58.1,dB
2026-05-24,"ÉNYGÖ, BMW körút (47.577175, 21.502204)",LAEQ éjszakai,49.3,dB
2026-05-25,"ÉNYGÖ, BMW körút (47.577175, 21.502204)",LAEQ nappali,56.4,dB
2026-05-25,"ÉNYGÖ, BMW körút (47.577175, 21.502204)",LAEQ éjszakai,51.3,dB
2026-05-26,"ÉNYGÖ, BMW körút (47.577175, 21.502204)",LAEQ nappali,57.6,dB
2026-05-26,"ÉNYGÖ, BMW körút (47.577175, 21.502204)",LAEQ éjszakai,51.7,dB
2026-05-27,"ÉNYGÖ, BMW körút (47.577175, 21.502204)",LAEQ nappali,59.8,dB
2026-05-27,"ÉNYGÖ, BMW körút (47.577175, 21.502204)",LAEQ éjszakai,53.1,dB
2026-05-28,"ÉNYGÖ, BMW körút (47.577175, 21.502204)",LAEQ nappali,59.2,dB
2026-05-28,"ÉNYGÖ, BMW körút (47.577175, 21.502204)",LAEQ éjszakai,47.5,dB
2026-05-29,"ÉNYGÖ, BMW körút (47.577175, 21.502204)",LAEQ nappali,57.2,dB
2026-05-29,"ÉNYGÖ, BMW körút (47.577175, 21.502204)",LAEQ éjszakai,47.6,dB
2026-05-30,"ÉNYGÖ, BMW körút (47.577175, 21.502204)",LAEQ nappali,56.9,dB
2026-05-30,"ÉNYGÖ, BMW körút (47.577175, 21.502204)",LAEQ éjszakai,54.2,dB
2026-05-31,"ÉNYGÖ, BMW körút (47.577175, 21.502204)",LAEQ nappali,59.9,dB
2026-05-31,"ÉNYGÖ, BMW körút (47.577175, 21.502204)",LAEQ éjszakai,51.5,dB
2026-06-01,"ÉNYGÖ, BMW körút (47.577175, 21.502204)",LAEQ nappali,57.3,dB
2026-06-01,"ÉNYGÖ, BMW körút (47.577175, 21.502204)",LAEQ éjszakai,45.2,dB
2026-06-02,"ÉNYGÖ, BMW körút (47.577175, 21.502204)",LAEQ nappali,54.7,dB
2026-06-02,"ÉNYGÖ, BMW körút (47.577175, 21.502204)",LAEQ éjszakai,50.5,dB
2026-06-03,"ÉNYGÖ, BMW körút (47.577175, 21.502204)",LAEQ nappali,58.4,dB
2026-06-03,"ÉNYGÖ, BMW körút (47.577175, 21.502204)",LAEQ éjszakai,54.6,dB
2026-06-04,"ÉNYGÖ, BMW körút (47.577175, 21.502204)",LAEQ nappali,60.8,dB
2026-06-04,"ÉNYGÖ, BMW körút (47.577175, 21.502204)",LAEQ éjszakai,51.7,dB
2026-06-05,"ÉNYGÖ, BMW körút (47.577175, 21.502204)",LAEQ nappali,59.1,dB
2026-06-05,"ÉNYGÖ, BMW körút (47.577175, 21.502204)",LAEQ éjszakai,43.8,dB
2026-06-06,"ÉNYGÖ, BMW körút (47.577175, 21.502204)",LAEQ nappali,52.4,dB
2026-06-06,"ÉNYGÖ, BMW körút (47.577175, 21.502204)",LAEQ éjszakai,44.7,dB
2026-06-07,"ÉNYGÖ, BMW körút (47.577175, 21.502204)",LAEQ nappali,52.0,dB
2026-06-07,"ÉNYGÖ, BMW körút (47.577175, 21.502204)",LAEQ éjszakai,46.5,dB
2026-06-08,"ÉNYGÖ, BMW körút (47.577175, 21.502204)",LAEQ nappali,56.9,dB
2026-06-08,"ÉNYGÖ, BMW körút (47.577175, 21.502204)",LAEQ éjszakai,48.1,dB
2026-06-09,"ÉNYGÖ, BMW körút (47.577175, 21.502204)",LAEQ nappali,63.4,dB
2026-06-09,"ÉNYGÖ, BMW körút (47.577175, 21.502204)",LAEQ éjszakai,57.1,dB
2026-06-10,"ÉNYGÖ, BMW körút (47.577175, 21.502204)",LAEQ nappali,63.4,dB
2026-06-10,"ÉNYGÖ, BMW körút (47.577175, 21.502204)",LAEQ éjszakai,55.0,dB
2026-06-11,"ÉNYGÖ, BMW körút (47.577175, 21.502204)",LAEQ nappali,61.0,dB
2026-06-11,"ÉNYGÖ, BMW körút (47.577175, 21.502204)",LAEQ éjszakai,55.9,dB
2026-06-12,"ÉNYGÖ, BMW körút (47.577175, 21.502204)",LAEQ nappali,63.8,dB
2026-06-12,"ÉNYGÖ, BMW körút (47.577175, 21.502204)",LAEQ éjszakai,54.3,dB
2026-06-13,"ÉNYGÖ, BMW körút (47.577175, 21.502204)",LAEQ nappali,62.5,dB
2026-06-13,"ÉNYGÖ, BMW körút (47.577175, 21.502204)",LAEQ éjszakai,56.5,dB
2026-06-14,"ÉNYGÖ, BMW körút (47.577175, 21.502204)",LAEQ nappali,63.6,dB
2026-06-14,"ÉNYGÖ, BMW körút (47.577175, 21.502204)",LAEQ éjszakai,56.5,dB
2026-06-15,"ÉNYGÖ, BMW körút (47.577175, 21.502204)",LAEQ nappali,63.5,dB
2026-06-15,"ÉNYGÖ, BMW körút (47.577175, 21.502204)",LAEQ éjszakai,57.5,dB
2026-06-16,"ÉNYGÖ, BMW körút (47.577175, 21.502204)",LAEQ nappali,64.7,dB
2026-06-16,"ÉNYGÖ, BMW körút (47.577175, 21.502204)",LAEQ éjszakai,50.9,dB
2026-06-17,"ÉNYGÖ, BMW körút (47.577175, 21.502204)",LAEQ nappali,61.7,dB
2026-06-17,"ÉNYGÖ, BMW körút (47.577175, 21.502204)",LAEQ éjszakai,61.0,dB
2026-06-18,"ÉNYGÖ, BMW körút (47.577175, 21.502204)",LAEQ nappali,67.2,dB
2026-06-18,"ÉNYGÖ, BMW körút (47.577175, 21.502204)",LAEQ éjszakai,51.3,dB
2026-06-19,"ÉNYGÖ, BMW körút (47.577175, 21.502204)",LAEQ nappali,62.8,dB
2026-06-19,"ÉNYGÖ, BMW körút (47.577175, 21.502204)",LAEQ éjszakai,59.9,dB
2026-05-21,"ÉNYGÖ, M35 Józsa új csomópont (47.59067666, 21.52888622)",LAEQ nappali,61.1,dB
2026-05-21,"ÉNYGÖ, M35 Józsa új csomópont (47.59067666, 21.52888622)",LAEQ éjszakai,52.6,dB
2026-05-22,"ÉNYGÖ, M35 Józsa új csomópont (47.59067666, 21.52888622)",LAEQ nappali,59.6,dB
2026-05-22,"ÉNYGÖ, M35 Józsa új csomópont (47.59067666, 21.52888622)",LAEQ éjszakai,51.6,dB
2026-05-23,"ÉNYGÖ, M35 Józsa új csomópont (47.59067666, 21.52888622)",LAEQ nappali,58.3,dB
2026-05-23,"ÉNYGÖ, M35 Józsa új csomópont (47.59067666, 21.52888622)",LAEQ éjszakai,50.0,dB
2026-05-24,"ÉNYGÖ, M35 Józsa új csomópont (47.59067666, 21.52888622)",LAEQ nappali,57.4,dB
2026-05-24,"ÉNYGÖ, M35 Józsa új csomópont (47.59067666, 21.52888622)",LAEQ éjszakai,52.4,dB
2026-05-25,"ÉNYGÖ, M35 Józsa új csomópont (47.59067666, 21.52888622)",LAEQ nappali,59.5,dB
2026-05-25,"ÉNYGÖ, M35 Józsa új csomópont (47.59067666, 21.52888622)",LAEQ éjszakai,54.1,dB
2026-05-26,"ÉNYGÖ, M35 Józsa új csomópont (47.59067666, 21.52888622)",LAEQ nappali,60.1,dB
2026-05-26,"ÉNYGÖ, M35 Józsa új csomópont (47.59067666, 21.52888622)",LAEQ éjszakai,53.3,dB
2026-05-27,"ÉNYGÖ, M35 Józsa új csomópont (47.59067666, 21.52888622)",LAEQ nappali,61.0,dB
2026-05-27,"ÉNYGÖ, M35 Józsa új csomópont (47.59067666, 21.52888622)",LAEQ éjszakai,53.0,dB
2026-05-28,"ÉNYGÖ, M35 Józsa új csomópont (47.59067666, 21.52888622)",LAEQ nappali,59.4,dB
2026-05-28,"ÉNYGÖ, M35 Józsa új csomópont (47.59067666, 21.52888622)",LAEQ éjszakai,52.1,dB
2026-05-29,"ÉNYGÖ, M35 Józsa új csomópont (47.59067666, 21.52888622)",LAEQ nappali,64.0,dB
2026-05-29,"ÉNYGÖ, M35 Józsa új csomópont (47.59067666, 21.52888622)",LAEQ éjszakai,55.8,dB
2026-05-30,"ÉNYGÖ, M35 Józsa új csomópont (47.59067666, 21.52888622)",LAEQ nappali,59.0,dB
2026-05-30,"ÉNYGÖ, M35 Józsa új csomópont (47.59067666, 21.52888622)",LAEQ éjszakai,52.3,dB
2026-05-31,"ÉNYGÖ, M35 Józsa új csomópont (47.59067666, 21.52888622)",LAEQ nappali,58.5,dB
2026-05-31,"ÉNYGÖ, M35 Józsa új csomópont (47.59067666, 21.52888622)",LAEQ éjszakai,50.5,dB
2026-06-01,"ÉNYGÖ, M35 Józsa új csomópont (47.59067666, 21.52888622)",LAEQ nappali,58.4,dB
2026-06-01,"ÉNYGÖ, M35 Józsa új csomópont (47.59067666, 21.52888622)",LAEQ éjszakai,52.7,dB
2026-06-02,"ÉNYGÖ, M35 Józsa új csomópont (47.59067666, 21.52888622)",LAEQ nappali,59.8,dB
2026-06-02,"ÉNYGÖ, M35 Józsa új csomópont (47.59067666, 21.52888622)",LAEQ éjszakai,51.4,dB
2026-06-03,"ÉNYGÖ, M35 Józsa új csomópont (47.59067666, 21.52888622)",LAEQ nappali,59.5,dB
2026-06-03,"ÉNYGÖ, M35 Józsa új csomópont (47.59067666, 21.52888622)",LAEQ éjszakai,52.9,dB
2026-06-04,"ÉNYGÖ, M35 Józsa új csomópont (47.59067666, 21.52888622)",LAEQ nappali,60.2,dB
2026-06-04,"ÉNYGÖ, M35 Józsa új csomópont (47.59067666, 21.52888622)",LAEQ éjszakai,51.5,dB
2026-06-05,"ÉNYGÖ, M35 Józsa új csomópont (47.59067666, 21.52888622)",LAEQ nappali,59.5,dB
2026-06-05,"ÉNYGÖ, M35 Józsa új csomópont (47.59067666, 21.52888622)",LAEQ éjszakai,52.4,dB
2026-06-06,"ÉNYGÖ, M35 Józsa új csomópont (47.59067666, 21.52888622)",LAEQ nappali,58.2,dB
2026-06-06,"ÉNYGÖ, M35 Józsa új csomópont (47.59067666, 21.52888622)",LAEQ éjszakai,53.0,dB
2026-06-07,"ÉNYGÖ, M35 Józsa új csomópont (47.59067666, 21.52888622)",LAEQ nappali,60.1,dB
2026-06-07,"ÉNYGÖ, M35 Józsa új csomópont (47.59067666, 21.52888622)",LAEQ éjszakai,53.5,dB
2026-06-08,"ÉNYGÖ, M35 Józsa új csomópont (47.59067666, 21.52888622)",LAEQ nappali,58.9,dB
2026-06-08,"ÉNYGÖ, M35 Józsa új csomópont (47.59067666, 21.52888622)",LAEQ éjszakai,52.2,dB
2026-06-09,"ÉNYGÖ, M35 Józsa új csomópont (47.59067666, 21.52888622)",LAEQ nappali,60.7,dB
2026-06-09,"ÉNYGÖ, M35 Józsa új csomópont (47.59067666, 21.52888622)",LAEQ éjszakai,50.8,dB
2026-06-10,"ÉNYGÖ, M35 Józsa új csomópont (47.59067666, 21.52888622)",LAEQ nappali,57.5,dB
2026-06-10,"ÉNYGÖ, M35 Józsa új csomópont (47.59067666, 21.52888622)",LAEQ éjszakai,62.1,dB
2026-06-11,"ÉNYGÖ, M35 Józsa új csomópont (47.59067666, 21.52888622)",LAEQ nappali,67.7,dB
2026-06-11,"ÉNYGÖ, M35 Józsa új csomópont (47.59067666, 21.52888622)",LAEQ éjszakai,51.8,dB
2026-06-12,"ÉNYGÖ, M35 Józsa új csomópont (47.59067666, 21.52888622)",LAEQ nappali,58.7,dB
2026-06-12,"ÉNYGÖ, M35 Józsa új csomópont (47.59067666, 21.52888622)",LAEQ éjszakai,49.9,dB
2026-06-13,"ÉNYGÖ, M35 Józsa új csomópont (47.59067666, 21.52888622)",LAEQ nappali,58.4,dB
2026-06-13,"ÉNYGÖ, M35 Józsa új csomópont (47.59067666, 21.52888622)",LAEQ éjszakai,48.8,dB
2026-06-14,"ÉNYGÖ, M35 Józsa új csomópont (47.59067666, 21.52888622)",LAEQ nappali,59.3,dB
2026-06-14,"ÉNYGÖ, M35 Józsa új csomópont (47.59067666, 21.52888622)",LAEQ éjszakai,53.6,dB
2026-06-15,"ÉNYGÖ, M35 Józsa új csomópont (47.59067666, 21.52888622)",LAEQ nappali,61.4,dB
2026-06-15,"ÉNYGÖ, M35 Józsa új csomópont (47.59067666, 21.52888622)",LAEQ éjszakai,52.8,dB
2026-06-16,"ÉNYGÖ, M35 Józsa új csomópont (47.59067666, 21.52888622)",LAEQ nappali,60.9,dB
2026-06-16,"ÉNYGÖ, M35 Józsa új csomópont (47.59067666, 21.52888622)",LAEQ éjszakai,54.5,dB
2026-06-17,"ÉNYGÖ, M35 Józsa új csomópont (47.59067666, 21.52888622)",LAEQ nappali,60.8,dB
2026-06-17,"ÉNYGÖ, M35 Józsa új csomópont (47.59067666, 21.52888622)",LAEQ éjszakai,51.2,dB
2026-06-18,"ÉNYGÖ, M35 Józsa új csomópont (47.59067666, 21.52888622)",LAEQ nappali,58.2,dB
2026-06-18,"ÉNYGÖ, M35 Józsa új csomópont (47.59067666, 21.52888622)",LAEQ éjszakai,53.0,dB
2026-06-19,"ÉNYGÖ, M35 Józsa új csomópont (47.59067666, 21.52888622)",LAEQ nappali,59.7,dB
2026-06-19,"ÉNYGÖ, M35 Józsa új csomópont (47.59067666, 21.52888622)",LAEQ éjszakai,54.4,dB
2026-05-21,"Szepes, Sárga dűlő (47.46442193, 21.58860163)",LAEQ nappali,53.4,dB
2026-05-21,"Szepes, Sárga dűlő (47.46442193, 21.58860163)",LAEQ éjszakai,48.0,dB
2026-05-22,"Szepes, Sárga dűlő (47.46442193, 21.58860163)",LAEQ nappali,53.7,dB
2026-05-22,"Szepes, Sárga dűlő (47.46442193, 21.58860163)",LAEQ éjszakai,45.3,dB
2026-05-23,"Szepes, Sárga dűlő (47.46442193, 21.58860163)",LAEQ nappali,52.2,dB
2026-05-23,"Szepes, Sárga dűlő (47.46442193, 21.58860163)",LAEQ éjszakai,45.1,dB
2026-05-24,"Szepes, Sárga dűlő (47.46442193, 21.58860163)",LAEQ nappali,51.4,dB
2026-05-24,"Szepes, Sárga dűlő (47.46442193, 21.58860163)",LAEQ éjszakai,44.3,dB
2026-05-25,"Szepes, Sárga dűlő (47.46442193, 21.58860163)",LAEQ nappali,52.7,dB
2026-05-25,"Szepes, Sárga dűlő (47.46442193, 21.58860163)",LAEQ éjszakai,45.1,dB
2026-05-26,"Szepes, Sárga dűlő (47.46442193, 21.58860163)",LAEQ nappali,51.2,dB
2026-05-26,"Szepes, Sárga dűlő (47.46442193, 21.58860163)",LAEQ éjszakai,44.7,dB
2026-05-27,"Szepes, Sárga dűlő (47.46442193, 21.58860163)",LAEQ nappali,53.1,dB
2026-05-27,"Szepes, Sárga dűlő (47.46442193, 21.58860163)",LAEQ éjszakai,47.3,dB
2026-05-28,"Szepes, Sárga dűlő (47.46442193, 21.58860163)",LAEQ nappali,53.6,dB
2026-05-28,"Szepes, Sárga dűlő (47.46442193, 21.58860163)",LAEQ éjszakai,42.8,dB
2026-05-29,"Szepes, Sárga dűlő (47.46442193, 21.58860163)",LAEQ nappali,50.4,dB
2026-05-29,"Szepes, Sárga dűlő (47.46442193, 21.58860163)",LAEQ éjszakai,44.6,dB
2026-05-30,"Szepes, Sárga dűlő (47.46442193, 21.58860163)",LAEQ nappali,51.6,dB
2026-05-30,"Szepes, Sárga dűlő (47.46442193, 21.58860163)",LAEQ éjszakai,48.2,dB
2026-05-31,"Szepes, Sárga dűlő (47.46442193, 21.58860163)",LAEQ nappali,54.3,dB
2026-05-31,"Szepes, Sárga dűlő (47.46442193, 21.58860163)",LAEQ éjszakai,45.0,dB
2026-06-01,"Szepes, Sárga dűlő (47.46442193, 21.58860163)",LAEQ nappali,53.3,dB
2026-06-01,"Szepes, Sárga dűlő (47.46442193, 21.58860163)",LAEQ éjszakai,44.9,dB
2026-06-02,"Szepes, Sárga dűlő (47.46442193, 21.58860163)",LAEQ nappali,55.2,dB
2026-06-02,"Szepes, Sárga dűlő (47.46442193, 21.58860163)",LAEQ éjszakai,50.0,dB
2026-06-03,"Szepes, Sárga dűlő (47.46442193, 21.58860163)",LAEQ nappali,56.7,dB
2026-06-03,"Szepes, Sárga dűlő (47.46442193, 21.58860163)",LAEQ éjszakai,47.4,dB
2026-06-04,"Szepes, Sárga dűlő (47.46442193, 21.58860163)",LAEQ nappali,54.1,dB
2026-06-04,"Szepes, Sárga dűlő (47.46442193, 21.58860163)",LAEQ éjszakai,45.9,dB
2026-06-05,"Szepes, Sárga dűlő (47.46442193, 21.58860163)",LAEQ nappali,54.3,dB
2026-06-05,"Szepes, Sárga dűlő (47.46442193, 21.58860163)",LAEQ éjszakai,44.1,dB
2026-06-06,"Szepes, Sárga dűlő (47.46442193, 21.58860163)",LAEQ nappali,51.4,dB
2026-06-06,"Szepes, Sárga dűlő (47.46442193, 21.58860163)",LAEQ éjszakai,43.9,dB
2026-06-07,"Szepes, Sárga dűlő (47.46442193, 21.58860163)",LAEQ nappali,52.8,dB
2026-06-07,"Szepes, Sárga dűlő (47.46442193, 21.58860163)",LAEQ éjszakai,44.2,dB
2026-06-08,"Szepes, Sárga dűlő (47.46442193, 21.58860163)",LAEQ nappali,52.2,dB
2026-06-08,"Szepes, Sárga dűlő (47.46442193, 21.58860163)",LAEQ éjszakai,46.0,dB
2026-06-09,"Szepes, Sárga dűlő (47.46442193, 21.58860163)",LAEQ nappali,54.9,dB
2026-06-09,"Szepes, Sárga dűlő (47.46442193, 21.58860163)",LAEQ éjszakai,45.6,dB
2026-06-10,"Szepes, Sárga dűlő (47.46442193, 21.58860163)",LAEQ nappali,54.3,dB
2026-06-10,"Szepes, Sárga dűlő (47.46442193, 21.58860163)",LAEQ éjszakai,58.3,dB
2026-06-11,"Szepes, Sárga dűlő (47.46442193, 21.58860163)",LAEQ nappali,63.7,dB
2026-06-11,"Szepes, Sárga dűlő (47.46442193, 21.58860163)",LAEQ éjszakai,44.2,dB
2026-06-12,"Szepes, Sárga dűlő (47.46442193, 21.58860163)",LAEQ nappali,52.1,dB
2026-06-12,"Szepes, Sárga dűlő (47.46442193, 21.58860163)",LAEQ éjszakai,44.7,dB
2026-06-13,"Szepes, Sárga dűlő (47.46442193, 21.58860163)",LAEQ nappali,51.9,dB
2026-06-13,"Szepes, Sárga dűlő (47.46442193, 21.58860163)",LAEQ éjszakai,43.4,dB
2026-06-14,"Szepes, Sárga dűlő (47.46442193, 21.58860163)",LAEQ nappali,52.2,dB
2026-06-14,"Szepes, Sárga dűlő (47.46442193, 21.58860163)",LAEQ éjszakai,48.1,dB
2026-06-15,"Szepes, Sárga dűlő (47.46442193, 21.58860163)",LAEQ nappali,55.4,dB
2026-06-15,"Szepes, Sárga dűlő (47.46442193, 21.58860163)",LAEQ éjszakai,44.8,dB
2026-06-16,"Szepes, Sárga dűlő (47.46442193, 21.58860163)",LAEQ nappali,52.2,dB
2026-06-16,"Szepes, Sárga dűlő (47.46442193, 21.58860163)",LAEQ éjszakai,44.7,dB
2026-06-17,"Szepes, Sárga dűlő (47.46442193, 21.58860163)",LAEQ nappali,52.6,dB
2026-06-17,"Szepes, Sárga dűlő (47.46442193, 21.58860163)",LAEQ éjszakai,43.4,dB
2026-06-18,"Szepes, Sárga dűlő (47.46442193, 21.58860163)",LAEQ nappali,51.0,dB
2026-06-18,"Szepes, Sárga dűlő (47.46442193, 21.58860163)",LAEQ éjszakai,44.5,dB
2026-06-19,"Szepes, Sárga dűlő (47.46442193, 21.58860163)",LAEQ nappali,51.4,dB
2026-06-19,"Szepes, Sárga dűlő (47.46442193, 21.58860163)",LAEQ éjszakai,43.9,dB
2026-05-21,"Debrecen, Szávay Gyula street Idősek otthona (47.50509508, 21.63577625)",LAEQ nappali,54.5,dB
2026-05-21,"Debrecen, Szávay Gyula street Idősek otthona (47.50509508, 21.63577625)",LAEQ éjszakai,48.8,dB
2026-05-22,"Debrecen, Szávay Gyula street Idősek otthona (47.50509508, 21.63577625)",LAEQ nappali,56.1,dB
2026-05-22,"Debrecen, Szávay Gyula street Idősek otthona (47.50509508, 21.63577625)",LAEQ éjszakai,47.0,dB
2026-05-23,"Debrecen, Szávay Gyula street Idősek otthona (47.50509508, 21.63577625)",LAEQ nappali,54.5,dB
2026-05-23,"Debrecen, Szávay Gyula street Idősek otthona (47.50509508, 21.63577625)",LAEQ éjszakai,46.3,dB
2026-05-24,"Debrecen, Szávay Gyula street Idősek otthona (47.50509508, 21.63577625)",LAEQ nappali,53.6,dB
2026-05-24,"Debrecen, Szávay Gyula street Idősek otthona (47.50509508, 21.63577625)",LAEQ éjszakai,47.2,dB
2026-05-25,"Debrecen, Szávay Gyula street Idősek otthona (47.50509508, 21.63577625)",LAEQ nappali,54.6,dB
2026-05-25,"Debrecen, Szávay Gyula street Idősek otthona (47.50509508, 21.63577625)",LAEQ éjszakai,46.5,dB
2026-05-26,"Debrecen, Szávay Gyula street Idősek otthona (47.50509508, 21.63577625)",LAEQ nappali,54.4,dB
2026-05-26,"Debrecen, Szávay Gyula street Idősek otthona (47.50509508, 21.63577625)",LAEQ éjszakai,49.2,dB
2026-05-27,"Debrecen, Szávay Gyula street Idősek otthona (47.50509508, 21.63577625)",LAEQ nappali,58.8,dB
2026-05-27,"Debrecen, Szávay Gyula street Idősek otthona (47.50509508, 21.63577625)",LAEQ éjszakai,50.5,dB
2026-05-28,"Debrecen, Szávay Gyula street Idősek otthona (47.50509508, 21.63577625)",LAEQ nappali,59.4,dB
2026-05-28,"Debrecen, Szávay Gyula street Idősek otthona (47.50509508, 21.63577625)",LAEQ éjszakai,48.4,dB
2026-05-29,"Debrecen, Szávay Gyula street Idősek otthona (47.50509508, 21.63577625)",LAEQ nappali,55.7,dB
2026-05-29,"Debrecen, Szávay Gyula street Idősek otthona (47.50509508, 21.63577625)",LAEQ éjszakai,47.9,dB
2026-05-30,"Debrecen, Szávay Gyula street Idősek otthona (47.50509508, 21.63577625)",LAEQ nappali,54.7,dB
2026-05-30,"Debrecen, Szávay Gyula street Idősek otthona (47.50509508, 21.63577625)",LAEQ éjszakai,53.6,dB
2026-05-31,"Debrecen, Szávay Gyula street Idősek otthona (47.50509508, 21.63577625)",LAEQ nappali,60.0,dB
2026-05-31,"Debrecen, Szávay Gyula street Idősek otthona (47.50509508, 21.63577625)",LAEQ éjszakai,48.2,dB
2026-06-01,"Debrecen, Szávay Gyula street Idősek otthona (47.50509508, 21.63577625)",LAEQ nappali,55.8,dB
2026-06-01,"Debrecen, Szávay Gyula street Idősek otthona (47.50509508, 21.63577625)",LAEQ éjszakai,47.7,dB
2026-06-02,"Debrecen, Szávay Gyula street Idősek otthona (47.50509508, 21.63577625)",LAEQ nappali,55.2,dB
2026-06-02,"Debrecen, Szávay Gyula street Idősek otthona (47.50509508, 21.63577625)",LAEQ éjszakai,48.0,dB
2026-06-03,"Debrecen, Szávay Gyula street Idősek otthona (47.50509508, 21.63577625)",LAEQ nappali,55.2,dB
2026-06-03,"Debrecen, Szávay Gyula street Idősek otthona (47.50509508, 21.63577625)",LAEQ éjszakai,48.5,dB
2026-06-04,"Debrecen, Szávay Gyula street Idősek otthona (47.50509508, 21.63577625)",LAEQ nappali,55.0,dB
2026-06-04,"Debrecen, Szávay Gyula street Idősek otthona (47.50509508, 21.63577625)",LAEQ éjszakai,48.1,dB
2026-06-05,"Debrecen, Szávay Gyula street Idősek otthona (47.50509508, 21.63577625)",LAEQ nappali,56.0,dB
2026-06-05,"Debrecen, Szávay Gyula street Idősek otthona (47.50509508, 21.63577625)",LAEQ éjszakai,48.0,dB
2026-06-06,"Debrecen, Szávay Gyula street Idősek otthona (47.50509508, 21.63577625)",LAEQ nappali,55.0,dB
2026-06-06,"Debrecen, Szávay Gyula street Idősek otthona (47.50509508, 21.63577625)",LAEQ éjszakai,47.2,dB
2026-06-07,"Debrecen, Szávay Gyula street Idősek otthona (47.50509508, 21.63577625)",LAEQ nappali,56.0,dB
2026-06-07,"Debrecen, Szávay Gyula street Idősek otthona (47.50509508, 21.63577625)",LAEQ éjszakai,50.1,dB
2026-06-08,"Debrecen, Szávay Gyula street Idősek otthona (47.50509508, 21.63577625)",LAEQ nappali,59.1,dB
2026-06-08,"Debrecen, Szávay Gyula street Idősek otthona (47.50509508, 21.63577625)",LAEQ éjszakai,47.4,dB
2026-06-09,"Debrecen, Szávay Gyula street Idősek otthona (47.50509508, 21.63577625)",LAEQ nappali,55.2,dB
2026-06-09,"Debrecen, Szávay Gyula street Idősek otthona (47.50509508, 21.63577625)",LAEQ éjszakai,47.6,dB
2026-06-10,"Debrecen, Szávay Gyula street Idősek otthona (47.50509508, 21.63577625)",LAEQ nappali,55.2,dB
2026-06-10,"Debrecen, Szávay Gyula street Idősek otthona (47.50509508, 21.63577625)",LAEQ éjszakai,51.7,dB
2026-06-11,"Debrecen, Szávay Gyula street Idősek otthona (47.50509508, 21.63577625)",LAEQ nappali,57.9,dB
2026-06-11,"Debrecen, Szávay Gyula street Idősek otthona (47.50509508, 21.63577625)",LAEQ éjszakai,48.3,dB
2026-06-12,"Debrecen, Szávay Gyula street Idősek otthona (47.50509508, 21.63577625)",LAEQ nappali,56.6,dB
2026-06-12,"Debrecen, Szávay Gyula street Idősek otthona (47.50509508, 21.63577625)",LAEQ éjszakai,49.1,dB
2026-06-13,"Debrecen, Szávay Gyula street Idősek otthona (47.50509508, 21.63577625)",LAEQ nappali,56.2,dB
2026-06-13,"Debrecen, Szávay Gyula street Idősek otthona (47.50509508, 21.63577625)",LAEQ éjszakai,48.1,dB
2026-06-14,"Debrecen, Szávay Gyula street Idősek otthona (47.50509508, 21.63577625)",LAEQ nappali,55.2,dB
2026-06-14,"Debrecen, Szávay Gyula street Idősek otthona (47.50509508, 21.63577625)",LAEQ éjszakai,51.0,dB
2026-06-15,"Debrecen, Szávay Gyula street Idősek otthona (47.50509508, 21.63577625)",LAEQ nappali,57.8,dB
2026-06-15,"Debrecen, Szávay Gyula street Idősek otthona (47.50509508, 21.63577625)",LAEQ éjszakai,47.8,dB
2026-06-16,"Debrecen, Szávay Gyula street Idősek otthona (47.50509508, 21.63577625)",LAEQ nappali,55.4,dB
2026-06-16,"Debrecen, Szávay Gyula street Idősek otthona (47.50509508, 21.63577625)",LAEQ éjszakai,49.6,dB
2026-06-17,"Debrecen, Szávay Gyula street Idősek otthona (47.50509508, 21.63577625)",LAEQ nappali,56.9,dB
2026-06-17,"Debrecen, Szávay Gyula street Idősek otthona (47.50509508, 21.63577625)",LAEQ éjszakai,47.8,dB
2026-06-18,"Debrecen, Szávay Gyula street Idősek otthona (47.50509508, 21.63577625)",LAEQ nappali,55.0,dB
2026-06-18,"Debrecen, Szávay Gyula street Idősek otthona (47.50509508, 21.63577625)",LAEQ éjszakai,48.3,dB
2026-06-19,"Debrecen, Szávay Gyula street Idősek otthona (47.50509508, 21.63577625)",LAEQ nappali,56.7,dB
2026-06-19,"Debrecen, Szávay Gyula street Idősek otthona (47.50509508, 21.63577625)",LAEQ éjszakai,49.2,dB
2026-05-21,"Mikepércs, Rózsás utca (47.44742297, 21.63063962)",LAEQ nappali,56.2,dB
2026-05-21,"Mikepércs, Rózsás utca (47.44742297, 21.63063962)",LAEQ éjszakai,50.6,dB
2026-05-22,"Mikepércs, Rózsás utca (47.44742297, 21.63063962)",LAEQ nappali,56.8,dB
2026-05-22,"Mikepércs, Rózsás utca (47.44742297, 21.63063962)",LAEQ éjszakai,51.0,dB
2026-05-23,"Mikepércs, Rózsás utca (47.44742297, 21.63063962)",LAEQ nappali,57.5,dB
2026-05-23,"Mikepércs, Rózsás utca (47.44742297, 21.63063962)",LAEQ éjszakai,46.4,dB
2026-05-24,"Mikepércs, Rózsás utca (47.44742297, 21.63063962)",LAEQ nappali,53.4,dB
2026-05-24,"Mikepércs, Rózsás utca (47.44742297, 21.63063962)",LAEQ éjszakai,47.3,dB
2026-05-25,"Mikepércs, Rózsás utca (47.44742297, 21.63063962)",LAEQ nappali,54.4,dB
2026-05-25,"Mikepércs, Rózsás utca (47.44742297, 21.63063962)",LAEQ éjszakai,48.8,dB
2026-05-26,"Mikepércs, Rózsás utca (47.44742297, 21.63063962)",LAEQ nappali,55.7,dB
2026-05-26,"Mikepércs, Rózsás utca (47.44742297, 21.63063962)",LAEQ éjszakai,48.1,dB
2026-05-27,"Mikepércs, Rózsás utca (47.44742297, 21.63063962)",LAEQ nappali,54.3,dB
2026-05-27,"Mikepércs, Rózsás utca (47.44742297, 21.63063962)",LAEQ éjszakai,44.3,dB
2026-05-28,"Mikepércs, Rózsás utca (47.44742297, 21.63063962)",LAEQ nappali,51.6,dB
2026-05-28,"Mikepércs, Rózsás utca (47.44742297, 21.63063962)",LAEQ éjszakai,44.5,dB
2026-05-29,"Mikepércs, Rózsás utca (47.44742297, 21.63063962)",LAEQ nappali,51.9,dB
2026-05-29,"Mikepércs, Rózsás utca (47.44742297, 21.63063962)",LAEQ éjszakai,44.2,dB
2026-05-30,"Mikepércs, Rózsás utca (47.44742297, 21.63063962)",LAEQ nappali,51.2,dB
2026-05-30,"Mikepércs, Rózsás utca (47.44742297, 21.63063962)",LAEQ éjszakai,44.3,dB
2026-05-31,"Mikepércs, Rózsás utca (47.44742297, 21.63063962)",LAEQ nappali,52.3,dB
2026-05-31,"Mikepércs, Rózsás utca (47.44742297, 21.63063962)",LAEQ éjszakai,43.9,dB
2026-06-01,"Mikepércs, Rózsás utca (47.44742297, 21.63063962)",LAEQ nappali,52.0,dB
2026-06-01,"Mikepércs, Rózsás utca (47.44742297, 21.63063962)",LAEQ éjszakai,44.1,dB
2026-06-02,"Mikepércs, Rózsás utca (47.44742297, 21.63063962)",LAEQ nappali,53.7,dB
2026-06-02,"Mikepércs, Rózsás utca (47.44742297, 21.63063962)",LAEQ éjszakai,45.6,dB
2026-06-03,"Mikepércs, Rózsás utca (47.44742297, 21.63063962)",LAEQ nappali,55.6,dB
2026-06-03,"Mikepércs, Rózsás utca (47.44742297, 21.63063962)",LAEQ éjszakai,47.4,dB
2026-06-04,"Mikepércs, Rózsás utca (47.44742297, 21.63063962)",LAEQ nappali,54.9,dB
2026-06-04,"Mikepércs, Rózsás utca (47.44742297, 21.63063962)",LAEQ éjszakai,47.2,dB
2026-06-05,"Mikepércs, Rózsás utca (47.44742297, 21.63063962)",LAEQ nappali,55.8,dB
2026-06-05,"Mikepércs, Rózsás utca (47.44742297, 21.63063962)",LAEQ éjszakai,43.3,dB
2026-06-06,"Mikepércs, Rózsás utca (47.44742297, 21.63063962)",LAEQ nappali,50.6,dB
2026-06-06,"Mikepércs, Rózsás utca (47.44742297, 21.63063962)",LAEQ éjszakai,43.6,dB
2026-06-07,"Mikepércs, Rózsás utca (47.44742297, 21.63063962)",LAEQ nappali,50.5,dB
2026-06-07,"Mikepércs, Rózsás utca (47.44742297, 21.63063962)",LAEQ éjszakai,44.5,dB
2026-06-08,"Mikepércs, Rózsás utca (47.44742297, 21.63063962)",LAEQ nappali,51.8,dB
2026-06-08,"Mikepércs, Rózsás utca (47.44742297, 21.63063962)",LAEQ éjszakai,45.1,dB
2026-06-09,"Mikepércs, Rózsás utca (47.44742297, 21.63063962)",LAEQ nappali,51.8,dB
2026-06-09,"Mikepércs, Rózsás utca (47.44742297, 21.63063962)",LAEQ éjszakai,45.4,dB
2026-06-10,"Mikepércs, Rózsás utca (47.44742297, 21.63063962)",LAEQ nappali,55.5,dB
2026-06-10,"Mikepércs, Rózsás utca (47.44742297, 21.63063962)",LAEQ éjszakai,49.8,dB
2026-06-11,"Mikepércs, Rózsás utca (47.44742297, 21.63063962)",LAEQ nappali,55.9,dB
2026-06-11,"Mikepércs, Rózsás utca (47.44742297, 21.63063962)",LAEQ éjszakai,44.7,dB
2026-06-12,"Mikepércs, Rózsás utca (47.44742297, 21.63063962)",LAEQ nappali,53.2,dB
2026-06-12,"Mikepércs, Rózsás utca (47.44742297, 21.63063962)",LAEQ éjszakai,43.9,dB
2026-06-13,"Mikepércs, Rózsás utca (47.44742297, 21.63063962)",LAEQ nappali,50.9,dB
2026-06-13,"Mikepércs, Rózsás utca (47.44742297, 21.63063962)",LAEQ éjszakai,42.7,dB
2026-06-14,"Mikepércs, Rózsás utca (47.44742297, 21.63063962)",LAEQ nappali,50.7,dB
2026-06-14,"Mikepércs, Rózsás utca (47.44742297, 21.63063962)",LAEQ éjszakai,44.2,dB
2026-06-15,"Mikepércs, Rózsás utca (47.44742297, 21.63063962)",LAEQ nappali,57.8,dB
2026-06-15,"Mikepércs, Rózsás utca (47.44742297, 21.63063962)",LAEQ éjszakai,43.6,dB
2026-06-16,"Mikepércs, Rózsás utca (47.44742297, 21.63063962)",LAEQ nappali,57.1,dB
2026-06-16,"Mikepércs, Rózsás utca (47.44742297, 21.63063962)",LAEQ éjszakai,44.3,dB
2026-06-17,"Mikepércs, Rózsás utca (47.44742297, 21.63063962)",LAEQ nappali,51.4,dB
2026-06-17,"Mikepércs, Rózsás utca (47.44742297, 21.63063962)",LAEQ éjszakai,44.0,dB
2026-06-18,"Mikepércs, Rózsás utca (47.44742297, 21.63063962)",LAEQ nappali,54.9,dB
2026-06-18,"Mikepércs, Rózsás utca (47.44742297, 21.63063962)",LAEQ éjszakai,45.1,dB
2026-06-19,"Mikepércs, Rózsás utca (47.44742297, 21.63063962)",LAEQ nappali,54.1,dB
2026-06-19,"Mikepércs, Rózsás utca (47.44742297, 21.63063962)",LAEQ éjszakai,45.4,dB
