stop_name,longitude,latitude,traffic_activity_score,passenger_frequency_total,passengers_in_total,passengers_out_total
35-ös út,21.584100999999997,47.5887275,2.407173902327279,408,221,187
9. kilométerkő,21.503291500000003,47.537805500000005,0.1720235060366564,0,0,0
ATEV,21.750732499999998,47.461083,0.406871090068616,220,102,118
Abonyi utca,21.645848,47.54465,1.692554906435561,129,68,61
Acsádi út,21.6660975,47.5500505,1.663298499998777,600,311,289
Agrárgazdaság,21.5916575,47.575471,1.9356970781273088,62,23,39
Airport Debrecen,21.60829,47.491295,1.4819779283404986,469,155,314
Alföldi Nyomda,21.61196,47.535949,10.494110450315706,1843,889,954
Alma utca,21.649631,47.497834499999996,1.1382867815359732,528,262,266
Alsójózsai utca,21.597016,47.6041,4.080878192808939,1266,555,711
Andaházi utca,21.626317,47.545356,0.003120514260750172,0,0,0
Antall József utca,21.622590000000002,47.5250605,2.268454673399008,422,170,252
Aquaticum,21.630501,47.552042,0.0031205142607501715,0,0,0
Attila tér,21.636741,47.527224,6.322804343837762,1340,1043,297
Auchan Áruház,21.585537,47.541038,0.5285914765064974,331,126,205
Autópiac,,,2.7214019694070175,124,84,40
Baksay Sándor utca,21.643591,47.547012,2.078017069360462,287,170,117
Balaton utca,21.6097635,47.507901000000004,1.3494890906975134,395,194,201
Balásházy János Szki.,,,5.4012118285747714,3295,1064,2231
Barackos utca,21.6935925,47.500651000000005,1.3226230281385216,513,297,216
Barna utca,21.623967,47.523011,2.513953960310716,281,240,41
Bartók Béla út,21.594226499999998,47.535092,3.8306384320087963,1306,904,402
Barátság utca,21.5668935,47.591539999999995,0.42908227655876763,232,130,102
Baskir utca,21.637313,47.4988,3.05580230829307,598,321,277
Bayk András utca,21.6802845,47.5199545,3.4741620693981186,1850,960,890
Bem tér,21.62419225,47.54157575,0.5238595948904818,660,274,386
Benedek Elek tér,21.639716,47.532397,3.8927313105578545,1532,977,555
Bercsényi utca,21.6374605,47.536835499999995,14.037757716961437,5274,2657,2617
Berek utca,21.6339735,47.5348235,14.06920917609118,5110,2799,2311
Besze János utca,21.635246,47.548424,0.5277382574403624,49,12,37
Beszállítói Park,21.5242255,47.577951999999996,3.692822728512524,1873,748,1125
Bevásárlóközpontok,21.579652000000003,47.544833499999996,4.021787483586767,1044,316,728
Bhs Trans Kft.,21.629108,47.485547,0.9396573041860928,154,87,67
Biczókert utca,21.688848,47.506108499999996,1.6572842028364647,583,265,318
Bihari utca,21.658503,47.5188385,3.3478512519501082,1580,435,1145
Bolyai utca,21.6168205,47.5497895,2.611836392312818,1133,577,556
Bondorhát utca,21.5500585,47.5936915,0.6230797794987077,322,166,156
Borzán Gáspár utca,21.6564035,47.51514925,2.1728607657244146,1671,808,863
Branyiszkó utca,21.6045415,47.558454499999996,2.6260119319174375,446,231,215
Brassai Sámuel Szki.,,,12.69001945854299,5790,3045,2745
Budai Nagy Antal utca,21.656991666666666,47.54772466666666,2.238839680099455,943,793,150
Bulgár utca,21.630058,47.5091005,6.816008529448942,2006,918,1088
Burgundia utca,21.630782500000002,47.531481,11.485761052874231,4885,2366,2519
Bádogos utca,21.6232385,47.510655,2.3388905682721677,845,453,392
Bálint pap utca,21.653497,47.5369215,2.1210169809163757,695,356,339
Bánk,21.755185,47.458663,0.579207506703513,175,84,91
Bánk. iskola,,,0.8586553181064126,331,170,161
Béke major,,,0.003120514260750172,0,0,0
Békessy Béla utca,21.6092365,47.552415499999995,8.608589359009702,3305,1760,1545
Bölcs utca,21.6039155,47.5380215,0.13958220312974448,0,0,0
Böszörményi út 151.,21.606414,47.556211,0.6608659100321884,145,134,11
Csalogány utca,21.579765000000002,47.5207975,0.5730835947548907,216,91,125
Csapó utca,21.630628,47.533017,17.111177399285534,3724,2909,815
Csemete utca,21.61798225,47.53547075,0.7233075884831033,666,330,336
Csereerdő,21.719926,47.529122,0.3602271014885432,16,11,5
Cseresznye utca,21.668290666666667,47.49726666666667,2.667247015647007,1472,751,721
Csigekert utca,21.6030085,47.5394315,0.1349794757436689,0,0,0
Csokonai Színház,21.6282275,47.5293545,76.09948777973668,44583,23504,21079
Csokonai Vitéz Mihály Gimnázium,21.61289875,47.554585,0.3644059971767482,345,117,228
Csonka János utca,21.5336265,47.578156500000006,1.0284803959033209,85,37,48
Csonkatorony utca,21.582718,47.600426999999996,1.0013935689806976,307,162,145
Csárda utca,21.682312500000002,47.507889000000006,1.5352186639103516,430,201,229
DAB székház. villamos,,,0.003120514260750172,0,0,0
DAB-székház,21.61489625,47.54864775,2.198737929814103,1020,661,359
DE Böszörményi úti Campus,21.609716,47.54912,12.012441245369445,5418,2801,2617
Debreceni Erőmű,21.630646,47.517543,12.124603092455004,3198,1653,1545
Debreceni Törvényszék,21.621994,47.528025,19.888954695365967,3685,2518,1167
Debreceni Ítélőtábla,21.621953,47.527937,16.02903694393068,2832,1148,1684
Derék utca - Jégcsarnok,,,11.254319958780574,2758,483,2275
Deufol Hungary Kft.,21.627712,47.466087,2.3593952042724595,489,123,366
Deák Ferenc utca,21.568478,47.594828,1.1140766226873757,270,11,259
Diadal utca,21.659117,47.551152,1.6342761253165132,243,200,43
Diószegi út,21.6647895,47.5124645,1.9199985793895784,1091,664,427
Doberdó utca,21.61019966666667,47.55707816666666,5.511423091757022,6795,3416,3379
Doberdó utca. villamos,,,0.003120514260750172,0,0,0
Dobozi lakótelep,21.642793,47.5320035,16.63456201695998,8376,4258,4118
Domokos Lajos utca,21.611401,47.541574,5.797559489366203,1345,300,1045
Dorottya utca,21.604705000000003,47.52875,14.080872244496963,5242,2684,2558
Déli sor,21.606049499999997,47.5111275,0.9903785403630656,169,76,93
Déli sor 55.,21.609811,47.512718500000005,1.0923133023435303,219,111,108
Dóczy József utca,21.618717,47.553747,9.117266873094945,4232,1849,2383
Dózsa György utca,21.6171405,47.539196000000004,1.3904468552772458,1341,782,559
Ecopro Global Hungary Zrt.,21.622437,47.485215,0.4719265894339897,2,2,0
Egyetem,21.623416499999998,47.5531495,8.870586420634183,3916,1486,2430
Egyetem sugárút,21.621883500000003,47.5415455,6.678050632909104,2271,1170,1101
Egyetem tér,21.621609,47.5499985,4.823170073371264,1355,783,572
Egyetemi sporttelep,,,4.989819676117712,666,434,232
Elek utca,21.555305,47.592307,0.3195960426285511,60,15,45
Elek utca 147.,21.541797,47.593759,0.5671905125304928,168,45,123
Endre utca,21.658554000000002,47.5433435,1.4374939748301943,720,371,349
Epreskert utca,21.628566,47.514517,1.2094684696135503,170,24,146
Epreskerti Általános Iskola,21.626144,47.5048765,1.9852223556154431,882,516,366
Erdészház,21.630752,47.586782,1.0436982336187761,127,50,77
Erőss Lajos utca,21.607912,47.527047,4.03060816947786,671,603,68
Eötvös utca,21.625438,47.538293,0.0031205142607501715,0,0,0
Falóger,,,0.003120514260750172,0,0,0
Fancsika,21.705602,47.530891,1.8302353947206016,797,245,552
Faraktár utca,21.638977,47.529894999999996,19.752713647184144,8676,5038,3638
Felsőjózsa,21.533982,47.594553,0.9946031666586376,304,167,137
Felsőjózsai utca,21.562849999999997,47.59350499999999,1.922126448032234,1683,788,895
Fiákeres utca,21.6749005,47.522169500000004,2.8984958606137674,1273,629,644
Flexiforce Hungary Kft.,21.566052,47.523912,0.25748254594897857,27,7,20
Fóliás utca,21.690384,47.504454,1.712813196954663,322,300,22
Földi János utca,21.609993000000003,47.522245,2.697396856714594,1048,436,612
Füredi kapu,,,5.10633969279951,797,576,221
Füredi út,21.609291,47.541910333333334,15.877536371317358,7377,4448,2929
Főnix Aréna,21.643009333333335,47.544782,13.676306118384877,9720,4649,5071
Gyepűsor utca,21.598485999999998,47.52742533333333,9.418175393691293,3622,2439,1183
Gyolcsos utca,21.607573,47.526309,3.909727650098173,641,86,555
Gázvezeték utca,21.627628,47.5114065,1.6542787789950704,500,233,267
Gönczy Pál Általános Iskola,21.572283,47.5980565,1.2328165705017176,607,368,239
Görgey utca,21.610735,47.553215,0.003120514260750172,0,0,0
HAJDÚKOMM,21.579683,47.518181,0.3797802398698763,82,42,40
Hadházi út,21.632698499999996,47.544628,1.6317266601989702,585,303,282
Hadházi út 92.,21.640351,47.548184,1.7972082164136278,268,167,101
Hadházi út. vizsgaközpont,,,0.520677541599137,4,4,0
Hajnal utca,21.638484,47.528411500000004,7.970920525861198,2794,1335,1459
Haláp,21.824339,47.528714,2.2289315142545942,682,368,314
Haláp. csárda,21.8151985,47.528462000000005,0.3920646515932029,142,70,72
Haláp. útőrház,21.7985805,47.527324500000006,0.3274412227040244,76,50,26
Hangyás utca,21.599926,47.564913000000004,2.132780597108465,181,89,92
Harmat utca,21.5786875,47.59422,0.49457168213231895,265,121,144
Harsona utca,21.571766500000003,47.5306145,0.7377266443581807,213,143,70
Harstein kertek,21.5889785,47.582111499999996,1.927563545098272,64,24,40
Hatvan utca,21.6188295,47.530435,4.855641160059063,3118,1561,1557
Hatvan utca 57.,21.614812,47.529698,2.1715204339994347,168,23,145
Határ út,21.5793355,47.5082215,0.33618914275616046,49,23,26
Határ úti Ipari Park,21.5778695,47.529377499999995,2.1720230792344615,1079,543,536
Hegyi Mihályné utca,21.643084,47.516915,2.6684544072428,150,12,138
Helyközi autóbusz-állomás,21.618444,47.5264815,37.64818868382174,19560,9906,9654
Hintós utca,21.4967985,47.538242,0.6033432514081584,306,132,174
Hold utca,21.6712715,47.534842999999995,1.8629819067788818,896,479,417
Holló László sétány,21.59866,47.5220255,16.84539369232328,9031,4796,4235
Homok utca,21.628113,47.541994,1.076308811352734,192,79,113
Honvéd Középiskola,21.602366,47.542165,2.232375738683647,18,6,12
Honvéd utca,21.625365,47.538497,4.563068994711579,3353,2080,1273
Horgásztavak,21.704424,47.4944265,0.4929153365713659,48,25,23
Hosszúpályi útelágazás,21.632827,47.487716000000006,0.8599868669041139,72,13,59
Hun utca,21.630421499999997,47.506633,10.304969034358614,4599,2331,2268
Huszár Gál utca,21.660218,47.5336955,0.9914126868822581,608,266,342
Hármashegy utca,21.677453,47.53081,2.205717071326731,530,275,255
Hárs utca,21.636731,47.503359,4.505860948191966,1075,556,519
Házgyár utca,21.580523499999998,47.5392875,3.452934232105297,1766,376,1390
Hétvezér utca,21.660199,47.528807,0.4046259582014834,66,25,41
Híd utca,21.632146,47.516329,6.7480636084558165,1002,423,579
Ibolya utca,,,0.003120514260750172,0,0,0
Inter Tan-Ker Zrt.,21.569888,47.524357,7.50652320725987,2202,1135,1067
Ipari Park. bejáró út,21.57987,47.525802,1.5997931780476518,250,113,137
Irányi Dániel utca,21.6712245,47.5222565,0.8967020840974302,359,169,190
Ispán utca,21.591781,47.597697,0.026590956411009635,4,0,4
István út,21.6066535,47.5200785,6.801386969991915,3543,1609,1934
Jedlik Ányos utca,21.621968,47.481788,0.6497464512243152,62,2,60
Jerikó utca,21.612597,47.541566,5.233403604192942,834,636,198
Juhász Géza utca,21.6713855,47.546396,1.7460042772452664,763,393,370
Jánosi utca,21.6541245,47.5416595,3.881162054754918,1999,930,1069
Jász utca,21.62745,47.509672,0.7743098243337785,66,4,62
Jégcsarnok,21.599113000000003,47.524836,4.125909140356865,2518,1422,1096
Jókai utca,21.620516,47.532668,12.827710814248123,2841,903,1938
Józsakert utca,21.586056,47.60199,2.3084808664953247,1254,598,656
Júlia-telep,21.65982,47.555615,4.206701373596604,1129,786,343
Kabar utca,21.642769666666666,47.510113,6.19564902430371,2589,1242,1347
Kadosa utca,21.607452,47.520331,5.3049142037823405,1396,1357,39
Kalász utca,21.4912585,47.538627500000004,1.3040254794258406,379,149,230
Kanális utca,21.615014000000002,47.509726,1.4990373658411376,428,187,241
Karacs Ferenc utca,21.595514,47.5310645,1.9674014902785188,556,300,256
Kardos utca,21.6311155,47.5486265,1.2970298742191546,461,238,223
Kartács utca,21.6131635,47.5569555,3.0862630024946736,905,324,581
Kaskötő utca,21.652974,47.495817,0.7072145050112071,279,78,201
Kassai út,21.6492715,47.5524415,8.166760633940346,3105,1745,1360
Kazár utca,21.631235,47.4997125,2.112903024678692,459,163,296
Kemény Zsigmond utca,21.646274,47.548572,17.142383999733386,8635,4627,4008
Kerekestelepi fürdő,21.635601,47.507141,3.510399132880626,730,420,310
Keresszegi utca,21.6469275,47.535176,2.47081992063726,791,383,408
Keresztesi utca,21.6631265,47.5274915,3.609336066347097,1273,681,592
Kertváros,21.609688499999997,47.5458895,8.455522501363358,2853,1313,1540
Kincseshegy utca,21.653169,47.5337705,2.0771364192097383,603,256,347
Kinizsi Nyomda,21.690921,47.515377,5.977555630107005,1851,885,966
Kisbánya utca,21.670292,47.510489,1.2117311023094908,159,64,95
Kishatár utca,21.580419,47.541213,6.3853208829277,1802,1477,325
Kishegyesi út,21.609066,47.5294715,20.918013550172837,8873,4472,4401
Kismacs,21.535646333333332,47.552589000000005,1.9446341570002836,273,151,122
Kismacs. Bejárati út,21.542050500000002,47.5510695,2.765974572812048,183,57,126
Kistemplom,21.625371,47.528646,0.003120514260750172,0,0,0
Klaipeda utca,21.631773000000003,47.5287125,4.984660084401478,1659,937,722
Klauzál Gábor utca,21.6445235,47.505878499999994,1.1467516652509322,369,281,88
Klinikai Központ Auguszta,21.623438999999998,47.5612245,11.46432328377175,6511,3202,3309
Klinikai Központ Kenézy Campus,21.607069,47.53478666666666,6.092210946021695,3789,2055,1734
Klinikai Központ Nagyerdei Campus,21.628686666666667,47.556097333333334,13.396387340465777,10002,5011,4991
Komáromi Csipkés György tér,21.660791500000002,47.529634,11.274521394207259,4589,2423,2166
Kondorosi híd,21.6770895,47.5087235,1.1283059045025374,120,57,63
Kondoroskert utca,21.6917405,47.531718999999995,2.0435823136576934,805,373,432
Konzervgyár,21.649853999999998,47.5062955,4.700319916826884,1656,834,822
Kopja utca,21.644382,47.513405000000006,5.9446479459148875,624,313,311
Kossuth tér ,,,0.003120514260750172,0,0,0
Krones Hungary Kft.,21.630984,47.470187,1.8114283805484617,868,411,457
Kurucz utca,21.659641,47.539173500000004,1.6636419489039982,792,419,373
Kádár dűlő,21.512475000000002,47.537144999999995,0.18649539750482777,9,5,4
Kálvin tér,21.626799,47.534457,25.68466051935827,6665,3339,3326
Kálvin tér ,,,0.003120514260750172,0,0,0
Károli Gáspár tér,21.6107,47.534396,9.567635369787308,1973,878,1095
Károli Gáspár utca,21.597198499999998,47.555233,0.6632553771961631,284,138,146
Károlyi Mihály utca,21.614491,47.551393000000004,0.3776296734272083,60,22,38
Károlyi Mihály utca. villamos,,,0.0031205142607501715,0,0,0
Kéknyelű utca,21.709553,47.530167,3.6680930119247357,903,491,412
Kérész utca,21.681643,47.5310825,2.426730025701369,752,389,363
Kölcsey Központ (Bethlen utca),21.620503,47.533355,13.610490789998462,2612,1602,1010
Kölcsey Központ (Hunyadi J. u.).villamos,,,0.003120514260750172,0,0,0
Kölcsey Központ (Hunyadi János utca),21.6222905,47.5346615,22.755035543350353,11323,5182,6141
Köntösgát sor,21.5900985,47.535205000000005,1.397795259744568,238,62,176
Köztemető. déli kapu,21.648745,47.553632,4.650186961800892,532,157,375
Köztemető. főkapu,21.6440765,47.558245,9.804246951199094,4765,2190,2575
Kürtös utca,21.6135885,47.5246465,3.1510698898759895,1209,600,609
Lahner utca,21.665488,47.513404,1.7349029544230183,917,368,549
Lahner utca 53.,21.668743,47.518408,1.552262089481528,405,178,227
Laktanya utca,21.641021000000002,47.5416245,13.04042058578284,4605,2309,2296
Legányi utca,21.609409,47.517121,2.495582571042239,391,294,97
Leiningen utca,21.629374,47.5148845,8.137107696146616,2189,1206,983
Lomnicz utca,21.638998,47.509403500000005,1.1463171431934585,325,148,177
Lovas utca,21.665083,47.5533655,2.49746311814658,1418,706,712
Látóképi Csárda,,,0.15422419238960394,0,0,0
Lázár utca,21.642886,47.5069115,1.1292971871936044,331,209,122
Lóverseny utca,21.602416,47.561205,2.7071194793038815,242,34,208
Löszhát,21.520870000000002,47.53658,0.40348685175999066,149,68,81
M35-ös autópálya,21.5400335,47.535220499999994,0.21656009677581295,18,11,7
Madách tér,21.639437,47.5174675,4.2113555847047595,1136,614,522
Malompark,21.6174565,47.541336,6.857167204179763,3033,1853,1180
Mechwart András Szki.,,,12.95897468140064,10128,3772,6356
Medgyessy sétány,21.628156,47.549237,0.003120514260750172,0,0,0
Mentőállomás,21.619570000000003,47.5236045,7.880578302869493,2507,1112,1395
Mester utca,21.617311,47.5342095,7.070352380058401,1921,1049,872
Meszesi utca,21.593794,47.59336,0.09723346515850399,27,5,22
Miklós utca,,,0.003120514260750172,0,0,0
Mikszáth Kálmán utca,,,0.33117032639936567,32,10,22
Moha utca,21.686341,47.5173475,1.0312409811337144,378,189,189
Munkácsy Mihály utca,21.64049,47.530912,11.369556254412098,2032,902,1130
MÁV-rendelő,,,14.000773192191774,6053,2650,3403
Mák utca,21.651895500000002,47.528943,11.201061029930806,3958,1959,1999
Mák utca ID,,,0.003120514260750172,0,0,0
Málna utca,21.659912,47.501450500000004,3.4116448530793284,907,466,441
Mátyás király utca,21.652877500000002,47.546784,3.1159733946835875,1194,418,776
Móricz Zsigmond út,21.630405,47.561232,3.3172363399887606,385,157,228
Műanyaggyár,21.563263,47.532886,3.2389537684146874,884,447,437
Nagy Imre utca,21.618296,47.534074,0.011877254920797647,1,0,1
Nagy Lajos király tér,21.621731,47.5462105,5.755634279523588,1954,1088,866
Nagycsere. Iskola,21.7384415,47.526969,0.40921672228720885,30,4,26
Nagycsere. fatelep,21.7580375,47.5249145,0.37376243130521125,56,28,28
Nagycsere. iskola,,,0.40085299120231715,34,30,4
Nagycsere. orvosi rendelő,21.7751515,47.525706,0.7014572963063349,301,134,167
Nagyerdei krt.,21.628664,47.549086,0.0031205142607501715,0,0,0
Nagymacs,21.478999,47.579764,1.5517465570174216,471,281,190
Nagymacs. Kastélykert utca,21.484079,47.579189,0.9525105485646983,541,240,301
Nagymacs. vasútállomás,21.4823435,47.568794499999996,0.14965154203580608,0,0,0
Nagymacsi út,21.513605,47.577884,3.9775773301373483,2023,934,1089
Nagyszentgyörgy utca,21.596091,47.605108,1.1362659746109043,284,153,131
Nagyállomás,21.6283185,47.521335125,38.815776179240196,70649,36495,34155
Nagyállomás. villamos ,,,0.003120514260750172,0,0,0
Napraforgó utca,21.539696,47.554823,0.8642776572228796,153,103,50
Nyugati Ipari Park,21.570623,47.545787,2.4606624391299627,769,317,452
Nyugati Ipari Park. szervizút I.,21.574116,47.544225,0.3008252993446226,47,39,8
Nyugati Ipari Park. szervizút II.,21.573783,47.540627,0.9312428802529183,225,207,18
Nyék utca,21.600678000000002,47.555595,3.8376022995622243,1716,955,761
Nyíl utca,21.631838,47.540188,0.18375581238453415,29,16,13
Nyíregyházi utca,21.64465,47.55069,0.6443514374591347,39,39,0
Nádor utca,21.617396,47.54173733333334,2.3073192321492093,1792,649,1143
Ohat utca,,,2.195033580692654,339,47,292
Oláh Gábor utca,21.636527,47.548542,1.1569969843301384,111,63,48
Ondód,21.48585,47.539205,0.852246943246724,265,115,150
Orgona utca,21.542567,47.552017,0.5668907138342927,51,38,13
Ozmán utca,21.63264033333333,47.49547533333333,1.9165624891672264,988,436,552
Pac,21.672475,47.492317,9.373155676268901,5734,3198,2536
Pajtás utca,21.649137500000002,47.501633,1.0543542038750655,442,190,252
Pallag,21.645972,47.596609,4.4764149569566785,1412,497,915
Pallagi út,21.630613500000003,47.5611705,3.9537287534387597,981,415,566
Pesti utca,21.61167,47.533429999999996,11.11515988442316,4462,1965,2497
Petőfi Sándor Általános Iskola,21.6336025,47.5183525,5.066568842204386,1672,798,874
Petőfi tér,21.626821,47.523213999999996,0.003120514260750172,0,0,0
Piac utca,,,0.003120514260750172,0,0,0
Pohl Ferenc utca,21.6541025,47.504242500000004,6.25699729071757,2636,1295,1341
Puttony utca,21.656558,47.496035,0.8033602768789863,352,184,168
Páfrány utca,21.691222,47.503217,1.5539051638773216,325,25,300
Pál utca,21.56271,47.596508,1.1241697819685226,582,351,231
Péterfia dűlő,21.50333,47.567391,0.670708241941639,51,50,1
Pósa utca,21.585001,47.5279315,8.017473363815096,5270,2469,2801
Regionális Képző Központ,21.671249,47.53063066666667,3.350224435680495,1999,1089,910
Repülőtéri út,21.6170385,47.5029095,0.34013286071375504,142,65,77
Ribizli utca,21.6630785,47.499926,2.416887959166224,324,171,153
Richter Gedeon utca,21.5744105,47.522226,3.275396579257244,1485,798,687
Rigó utca,21.654175000000002,47.5210015,4.8530199839087365,1730,1136,594
Rugó utca,21.586181,47.555298,3.03948230665235,844,452,392
Ruyter utca,21.660607,47.530898,1.6548271320406482,332,39,293
Ruyter utca ID,,,0.003120514260750172,0,0,0
Rákóczi utca,21.629503,47.533259,24.708825164676984,6114,1807,4307
Rózsavölgy utca,21.558384,47.594077,0.6953242915305368,155,131,24
Rózsavölgy utca 133.,21.542776,47.595457,0.5064179795680952,124,89,35
Rózsavölgy utca 175.,21.536591,47.596219,0.4447397418103783,112,68,44
Rózsás Csárda,21.577209,47.597041999999995,5.082424844835148,4139,1881,2258
Salakmotorpálya,21.61936,47.510064,1.3843430675527748,295,160,135
Salakos bekötőút,21.579490999999997,47.512975499999996,0.3352058183647394,52,12,40
Salétrom utca,21.6203755,47.5186705,1.0955354713138084,187,102,85
Schaeffler Debrecen Kft.,21.579772,47.5224575,3.3334625827588384,1505,822,683
Schaeffler Motion Technologies Debrecen,21.621667,47.478409,3.5453539285995794,1019,278,741
Schweidel József utca,21.667782,47.517018,1.1511985139663266,250,135,115
Segner tér,21.613231714285714,47.528858428571425,14.418761740817242,25590,13437,12153
Semcorp Hungary Kft.,21.621315,47.47267,3.7711193438328716,1025,293,732
Sensirion Hungary Kft.,21.563848,47.524259,0.8559213758664532,216,148,68
Sesztina utca,21.608422,47.528627,5.925554017404961,1236,538,698
Sillye Gábor utca,21.5726895,47.5925405,0.3895841068732222,203,109,94
Sipos utca,21.657819,47.519899,5.5333740346432405,1145,932,213
Skalnitzky Antal utca,21.6714955,47.5497095,1.729113936448925,695,363,332
Somlyai utca,21.630741,47.5036105,3.9755129363265787,1372,694,678
Sportkollégium,21.615619,47.556799,2.700638514421051,498,333,165
Sportuszoda,21.638897,47.546868,2.13915196327521,398,103,295
Szabó Lőrinc utca,21.598771499999998,47.5460275,0.12626363286437414,0,0,0
Szabó Lőrinc utca ID,,,0.557167091515232,133,14,119
Szalók utca,21.660965,47.549788,6.445446043767225,1712,534,1178
Szent Anna utca ,,,1.8524136230756136,1056,321,735
Szent Bazil Görögkatolikus Technikum,21.657068,47.529002,7.987729549076156,963,131,832
Szent Efrém Általános Iskola,21.63301,47.530265,16.638312690658513,5933,2920,3013
Szent László Görögkatolikus Gimnázium,21.617357,47.54608775,2.830258806324305,1011,526,485
Szent László Görögkatolikus Gimnázium.v.,,,0.003120514260750172,0,0,0
Szepes,21.58945,47.46473,0.31044261836899006,87,58,29
Szepes. bolt,,,0.18713834112601807,90,46,44
Szirom utca,21.5795335,47.5922605,0.8408400426394523,281,154,127
Szivárvány utca,21.568384,47.59566,1.0661308369514062,226,214,12
Szoboszlói út,21.613384500000002,47.519518000000005,4.461911901753443,1995,1035,960
Szoboszlói úti Ált. Iskola,,,2.905729472450992,880,392,488
Szociális Otthon,21.630637,47.556442000000004,5.83983618803161,1863,540,1323
Szotyori utca,21.594267,47.534412,2.315571651758081,401,40,361
Szováti elágazás,21.587194500000003,47.5030735,0.35478127846427043,10,2,8
Széchenyi utca,21.620605,47.527378,2.778028209834222,263,201,62
Széna tér,21.662099,47.496805,9.056457002305134,2758,1617,1141
Szüret utca,21.697459000000002,47.497094000000004,0.8803838546130396,279,152,127
Sámsoni út,21.672154499999998,47.558236,0.8488819296193053,523,252,271
Sárga dűlő 23.,21.5903715,47.4773345,0.23664181378173965,104,80,24
Sárga dűlő 33.,21.5901955,47.4749,0.18976117271150314,84,49,35
Sárga dűlő 67.,21.5898675,47.4695445,0.13131244997379224,59,34,25
Sárvári Pál utca,21.599142,47.5186245,9.786090967217557,4873,2533,2340
Sólyom utca,21.665984,47.530092,3.729760473357397,1099,621,478
TEVA Gyógyszergyár,21.63071366666667,47.56427166666666,2.316663671998382,1341,565,776
TV-torony,21.630682,47.5785135,0.8732520210320315,3,1,2
Tegez utca,,,0.003120514260750172,0,0,0
Templom utca,21.589865,47.600481,1.394437572256062,355,101,254
Tessedik Sámuel utca,21.597827,47.54913,1.0430963616663542,235,207,28
Thököly utca,21.646446,47.54474,1.3984556970673774,150,50,100
Tiborc utca,21.7308105,47.472379000000004,1.6613385838261445,954,471,483
Tisza István utca,21.6208745,47.527529,2.656021043876665,768,170,598
Tizedes utca,21.66075,47.54975,5.356842929227999,1131,826,305
Tokaji utca,21.590196,47.600217,0.025773899890676067,4,1,3
Torockó utca,21.5805675,47.534346,5.691205191447317,2874,1484,1390
Trombitás utca,21.6164135,47.5153935,1.3850955696938825,387,230,157
Tudáspark,21.588287,47.556087,3.4658621406539982,999,234,765
Tábor bejáró út,21.6306625,47.574073999999996,0.8831483319861646,9,3,6
Téglás utca,21.6100995,47.5058925,1.2508506803526191,384,190,194
Tégláskert utca,21.610824,47.499959,4.616480260920621,1439,631,808
Tégláskerti iskola,21.6097,47.502841000000004,2.674163696696707,1456,737,719
Tócóskert tér,21.6038015,47.5158935,9.896800417547622,4928,2324,2604
Tócóvölgy. vasútállomás,21.5893,47.5291935,1.139032905775167,84,30,54
Tőr utca,21.659492,47.553098,1.566647656736021,245,163,82
Tőzsér utca,21.607208,47.5236255,5.564855526912867,2618,1325,1293
Tűzoltóság,21.610896,47.538565,9.724436228903818,3173,1589,1584
Vadliba utca,21.6699745,47.524398500000004,4.49721550124462,2073,1007,1066
Vasutas utca,21.659711,47.5247865,0.520110806883641,248,84,164
Vay Ádám utca,21.671364,47.541961,1.7165791305847193,369,317,52
Vekeri elágazás,21.7118555,47.484929,0.5557890612715193,103,44,59
Vendég utca,21.612907,47.534126,6.496181409704952,1234,751,483
Veres Péter utca,21.6713775,47.539835,1.681006616016251,808,395,413
Vezér utca,21.5967135,47.5553595,2.1386006080076263,722,421,301
Világos utca,21.582054499999998,47.531302,3.2777205695999605,1057,505,552
Vincellér utca,21.600082666666665,47.51481166666667,7.060196722388,5635,2873,2762
Vág utca,21.601764,47.5348015,4.377224258948237,1161,627,534
Vágóhíd utca,21.64504,47.523621,2.062219488810916,683,385,298
Vágóhíd utca. felüljáró,,,0.003120514260750172,0,0,0
Vámospércsi út,21.6863135,47.531399500000006,1.0989077169827453,113,45,68
Vámospércsi út (forduló),,,2.8587443935219525,856,413,443
Városháza ,,,0.003120514260750172,0,0,0
Vásáry István utca ,,,0.003120514260750172,0,0,0
Vécsey utca,21.6463725,47.5158735,9.546672220495733,3027,1685,1342
Vízmű,21.5931135,47.54271,2.5531356395810807,345,16,329
Wekerle utca,21.634677500000002,47.514871,3.8586687782556397,190,71,119
Wesselényi utca,21.6360095,47.5249665,14.072276013544258,5507,2474,3033
Weszprémy utca,21.62632,47.545227,0.003120514260750172,0,0,0
Wolaffka utca,21.6510635,47.506772,0.8187316100531477,354,215,139
Zrínyi utca,21.653014,47.54554,2.126100561309683,411,357,54
Zsibogó,21.6497755,47.522037999999995,5.720291630607891,2421,599,1822
Zsigmond Ferenc utca,,,1.43102221209566,325,108,217
Áchim András utca,21.633192,47.513144,1.081068227964742,261,79,182
Állatmenhely,21.745067,47.464351,0.264201511841179,100,52,48
Árpád Vezér Általános Iskola,21.607517,47.555209500000004,10.361954594155897,7383,3943,3440
Árpád Vezér Általános Iskola. villamos,,,0.003120514260750172,0,0,0
Árpád tér,21.638872,47.538838,20.116909280331793,8954,5027,3927
ÉNY Gazdasági Övezet,,,0.003120514260750172,0,0,0
Építők útja,21.5954465,47.5271795,6.110200402090497,1727,820,907
Észak-Nyugati Gazdasági Övezet,21.5249035,47.5645805,10.474738197029012,6337,2421,3916
Ótemető utca,21.6416905,47.536327,5.713207957230969,2024,1024,1000
Óvoda utca,21.6380975,47.51264,4.183113889471156,450,155,295
Úrrétje utca,21.60238,47.561152,2.2603720705857757,151,124,27
